City_ID,City,Lat,Lng,Max Temp,Humidity,Cloudiness,Wind Speed,Country,Date
0,ribeira grande,38.5167,-28.7,21.22,83,20,2.06,PT,1722667146
1,port-aux-francais,-49.35,70.2167,2.89,73,57,11.59,TF,1722667147
2,santiago de cao,-7.9589,-79.2392,17.07,88,100,3.6,PE,1722667149
3,adamstown,-25.066,-130.1015,20.47,76,33,4.7,PN,1722667150
4,yilan,24.757,121.753,37.92,62,6,3.22,TW,1722667151
5,haiku-pauwela,20.9219,-156.3051,24.01,90,100,3.09,US,1722667153
6,kalabo,-14.97,22.6814,20.2,29,0,3.9,ZM,1722667154
7,college,64.8569,-147.8028,10.97,88,100,2.06,US,1722667156
8,bethel,41.3712,-73.414,24.27,87,100,0.0,US,1722667157
9,ponta delgada,37.7333,-25.6667,22.4,88,20,0.0,PT,1722667158
10,olonkinbyen,70.9221,-8.7187,5.31,94,78,4.23,SJ,1722667160
11,port mathurin,-19.6833,63.4167,22.2,65,17,4.83,MU,1722667161
12,mar del plata,-38.0023,-57.5575,13.07,92,100,2.57,AR,1722666573
13,tiksi,71.6872,128.8694,8.03,68,97,2.11,RU,1722667088
14,port lincoln,-34.7333,135.8667,12.36,62,100,2.8,AU,1722667166
15,rongelap,11.1635,166.8941,28.7,76,13,3.03,MH,1722667167
16,kodiak,57.79,-152.4072,12.73,82,0,3.6,US,1722667085
17,trairi,-3.2778,-39.2689,22.56,86,14,4.3,BR,1722667004
18,koregaon,18.65,74.0833,23.33,92,100,5.59,IN,1722667171
19,castillos,-34.1667,-53.8333,19.22,74,11,5.16,UY,1722667173
20,anadyr,64.75,177.4833,10.28,93,75,6.0,RU,1722667174
21,walvis bay,-22.9575,14.5053,10.61,66,22,2.07,NA,1722667175
22,albany,42.6001,-73.9662,22.58,83,76,0.73,US,1722666970
23,krasnokamsk,58.0802,55.7541,19.09,72,65,2.17,RU,1722667180
24,midland,31.9974,-102.0779,30.14,38,0,4.63,US,1722666884
25,grytviken,-54.2811,-36.5092,-0.66,75,100,4.61,GS,1722667182
26,hauterive,46.0901,3.4459,18.42,75,25,0.96,FR,1722667184
27,crane,31.3974,-102.3501,29.76,38,5,4.34,US,1722667185
28,buka,40.8108,69.1986,38.4,14,0,2.31,UZ,1722667187
29,fisterra,42.9049,-9.2629,17.73,84,0,4.38,ES,1722667188
30,hermanus,-34.4187,19.2345,10.86,61,0,0.84,ZA,1722667189
31,colonia,50.9333,6.95,20.54,88,85,2.57,DE,1722667191
32,hithadhoo,-0.6,73.0833,28.59,75,87,4.46,MV,1722667192
33,zouerate,22.7187,-12.4521,30.57,40,90,6.63,MR,1722667194
34,nikolayevsk-on-amure,53.1406,140.73,20.26,39,98,3.18,RU,1722667195
35,noumea,-22.2763,166.4572,18.99,62,0,4.44,NC,1722667196
36,ilulissat,69.2167,-51.1,10.01,57,0,3.09,GL,1722667198
37,waitangi,-43.9535,-176.5597,7.68,88,100,1.79,NZ,1722667199
38,codrington,-38.2667,141.9667,11.39,67,2,4.4,AU,1722667201
39,broome,42.2506,-75.833,21.76,86,98,0.83,US,1722667202
40,kununurra,-15.7667,128.7333,32.99,22,7,2.57,AU,1722666973
41,longyearbyen,78.2186,15.6401,11.91,87,0,2.57,SJ,1722667205
42,lebu,-37.6167,-73.65,8.72,92,27,2.52,CL,1722667206
43,international falls,48.6011,-93.411,13.97,94,1,0.0,US,1722667208
44,penaranda de bracamonte,40.9011,-5.2003,15.21,61,0,2.83,ES,1722667209
45,ketchikan,55.3422,-131.6461,16.86,78,52,2.43,US,1722667085
46,cacapava do sul,-30.5122,-53.4914,14.91,94,0,2.09,BR,1722667212
47,bengkulu,-3.8004,102.2655,29.13,75,24,6.16,ID,1722667213
48,lhasa,29.65,91.1,20.31,47,100,0.43,CN,1722667215
49,mchinji,-13.7984,32.8802,20.06,30,0,3.21,MW,1722667216
50,iqaluit,63.7506,-68.5145,3.85,69,20,0.0,CA,1722667218
51,aasiaat,68.7098,-52.8699,2.83,78,2,2.86,GL,1722667219
52,yellowknife,62.456,-114.3525,13.56,86,20,3.09,CA,1722667221
53,papatowai,-46.5619,169.4708,4.09,89,16,1.25,NZ,1722667222
54,chinde,26.8212,87.7095,23.4,100,100,1.78,NP,1722667223
55,enewetak,11.3474,162.3373,29.16,75,62,3.69,MH,1722667225
56,punta arenas,-53.15,-70.9167,3.06,93,100,3.09,CL,1722667226
57,port elizabeth,-33.918,25.5701,11.29,96,0,2.06,ZA,1722667228
58,tura,25.5198,90.2201,24.76,97,100,2.37,IN,1722667229
59,isla mujeres,21.2311,-86.731,26.03,85,49,4.19,MX,1722667232
60,kapustin yar,48.5831,45.7372,29.14,27,5,4.43,RU,1722667233
61,enkoping,59.6361,17.0777,16.92,63,91,2.14,SE,1722667235
62,edinburgh of the seven seas,-37.0676,-12.3116,9.17,55,92,9.45,SH,1722667237
63,umluj,25.0213,37.2685,33.45,56,9,2.75,SA,1722667239
64,aksuat,48.7167,83.7,36.43,15,0,3.94,KZ,1722667241
65,lihue,21.9789,-159.3672,25.77,73,75,3.09,US,1722667244
66,sinabang,2.4803,96.3801,29.6,67,100,4.21,ID,1722667247
67,isafjordur,66.0755,-23.124,8.23,96,98,2.86,IS,1722667248
68,wellington,-41.2866,174.7756,6.15,83,4,0.45,NZ,1722667249
69,urucara,-2.5364,-57.76,23.84,85,96,0.35,BR,1722667251
70,carnarvon,-24.8667,113.6333,20.05,60,0,8.55,AU,1722667252
71,ushuaia,-54.8,-68.3,0.81,75,100,8.23,AR,1722667096
72,vinales,22.6164,-83.7078,24.79,92,100,1.23,CU,1722667255
73,east london,-33.0153,27.9116,11.52,87,0,3.09,ZA,1722667256
74,st. john's,47.5649,-52.7093,12.66,95,100,3.6,CA,1722667257
75,kloulklubed,7.0419,134.2556,32.28,75,100,4.53,PW,1722667259
76,nieuw amsterdam,5.8833,-55.0833,25.09,86,17,1.81,SR,1722667261
77,nagqu,31.5,92.0,13.21,51,52,2.61,CN,1722667262
78,veraval,20.9,70.3667,28.1,86,100,9.75,IN,1722667214
79,ta`u,-14.2336,-169.5144,25.95,73,98,8.03,AS,1722667265
80,la passe,45.5549,-0.8967,17.13,73,77,2.57,FR,1722667266
81,tres palos,18.1833,-101.6167,21.56,98,100,1.63,MX,1722667268
82,selfoss,63.9331,-20.9971,9.86,70,41,8.68,IS,1722667269
83,malango,-2.9627,119.9001,26.9,59,71,2.93,ID,1722667271
84,praia da vitoria,38.7333,-27.0667,21.14,88,20,1.2,PT,1722667272
85,quellon,-43.1167,-73.6167,7.67,87,100,5.05,CL,1722667273
86,tan-tan,28.438,-11.1032,19.97,100,75,3.6,MA,1722667275
87,avarua,-21.2078,-159.775,17.03,88,0,1.54,CK,1722667276
88,polyarnyy,69.1989,33.4478,12.38,77,49,5.57,RU,1722667278
89,puerto natales,-51.7236,-72.4875,1.6,99,100,1.18,CL,1722667279
90,taitung city,22.7583,121.1444,33.15,70,20,3.09,TW,1722667281
91,beni,0.5,29.4667,24.74,49,100,1.31,CD,1722667282
92,chardara,41.2547,67.9692,33.47,22,0,4.67,KZ,1722667284
93,west island,-12.1568,96.8225,28.99,65,65,5.66,CC,1722667285
94,inirida,3.8653,-67.9239,22.67,97,100,1.09,CO,1722667287
95,jamestown,42.097,-79.2353,19.45,99,75,0.89,US,1722667288
96,wailua homesteads,22.0669,-159.378,25.44,75,75,3.09,US,1722667289
97,buta,2.7858,24.73,24.22,89,97,0.73,CD,1722667291
98,puerto baquerizo moreno,-0.9,-89.6,19.33,77,74,4.35,EC,1722667292
99,meizhou,24.2977,116.1072,36.12,50,39,2.38,CN,1722667294
100,mandeure,47.4492,6.8076,20.5,93,25,2.53,FR,1722667295
101,six-fours-les-plages,43.0938,5.84,27.73,68,0,2.24,FR,1722667296
102,bilibino,68.0546,166.4372,9.59,67,100,0.64,RU,1722667298
103,petropavlovsk-kamchatsky,53.0452,158.6483,21.33,60,75,4.0,RU,1722667299
104,dudinka,69.4058,86.1778,22.43,40,0,3.76,RU,1722667301
105,baikonur,45.6167,63.3167,33.23,17,0,4.86,KZ,1722667304
106,vilyuchinsk,52.9306,158.4028,22.15,77,10,4.86,RU,1722667305
107,hami,42.8,93.45,37.65,10,97,4.21,CN,1722667306
108,kone,-21.0595,164.8658,17.27,72,2,1.88,NC,1722667308
109,panama city beach,30.1766,-85.8055,30.05,88,0,2.06,US,1722667168
110,katsuura,35.1333,140.3,26.9,75,62,3.25,JP,1722667311
111,port alfred,-33.5906,26.891,15.58,66,0,3.74,ZA,1722667312
112,saint-pierre,-21.3393,55.4781,24.2,78,75,7.72,RE,1722667314
113,arua,3.0201,30.9111,22.28,76,100,2.87,UG,1722667315
114,arno,60.1167,18.6333,16.55,86,100,5.33,SE,1722667318
115,ancud,-41.8697,-73.8203,8.1,86,98,7.88,CL,1722667319
116,afaahiti,-17.75,-149.2833,20.93,69,55,5.29,PF,1722667321
117,whitehorse,60.7161,-135.0538,12.43,65,40,2.57,CA,1722667042
118,klyuchi,52.2667,79.1667,29.52,42,100,2.36,RU,1722667323
119,luderitz,-26.6481,15.1594,15.72,47,7,1.49,NA,1722667325
120,badger,64.8,-147.5333,10.93,90,100,2.06,US,1722667326
121,acapulco de juarez,16.8634,-99.8901,25.9,83,100,2.57,MX,1722667120
122,harstad,68.799,16.5293,17.91,82,7,4.02,NO,1722667329
123,amursk,50.2261,136.8994,22.04,57,100,3.46,RU,1722667331
124,arraial do cabo,-22.9661,-42.0278,21.72,80,0,9.21,BR,1722667055
125,nchelenge,-9.3451,28.734,21.44,35,2,1.74,ZM,1722667333
126,udachny,66.4167,112.4,22.43,35,86,3.39,RU,1722667335
127,verkhnyaya sinyachikha,57.976,61.6673,21.62,64,90,2.43,RU,1722667336
128,tazacorte,28.629,-17.9293,21.54,78,0,6.17,ES,1722667337
129,muroto-misakicho,33.2833,134.15,30.17,77,43,3.5,JP,1722667339
130,lamu,-2.2717,40.902,26.1,70,23,6.85,KE,1722667340
131,utrik,11.2278,169.8474,28.67,74,19,2.1,MH,1722667342
132,piton saint-leu,-21.2196,55.3151,22.44,78,75,7.72,RE,1722667343
133,hawaiian paradise park,19.5933,-154.9731,24.73,92,20,2.06,US,1722667345
134,kayangel,8.0823,134.7173,28.87,76,100,6.18,PW,1722667346
135,katabu,-4.9333,122.5167,31.37,47,47,1.78,ID,1722667347
136,new norfolk,-42.7826,147.0587,12.72,72,1,1.33,AU,1722667349
137,turpan,42.9333,89.1667,43.48,9,67,3.72,CN,1722667350
138,port saint john's,-31.6229,29.5448,18.9,54,0,2.2,ZA,1722667352
139,gaoual,11.75,-13.2,23.05,96,100,1.08,GN,1722667353
140,hasaki,35.7333,140.8333,34.05,70,14,3.51,JP,1722667354
141,namibe,-15.1961,12.1522,18.38,90,33,3.06,AO,1722667356
142,puerto ayora,-0.7393,-90.3518,19.75,87,47,1.79,EC,1722667357
143,lata,40.1629,-8.3327,16.15,78,0,1.43,PT,1722667359
144,chui,-33.6971,-53.4616,17.96,77,0,4.85,UY,1722667360
145,flying fish cove,-10.4217,105.6791,26.82,78,40,6.69,CX,1722667361
146,constantia,44.1833,28.65,28.38,58,100,8.1,RO,1722667363
147,stornoway,58.2093,-6.3865,12.98,91,20,6.69,GB,1722667364
148,lompoc,34.6391,-120.4579,14.96,95,0,2.57,US,1722667187
149,hamilton,39.1834,-84.5333,21.43,93,100,0.45,US,1722666662
150,nabire,-3.3667,135.4833,28.1,82,34,1.43,ID,1722667368
151,blackmans bay,-43.0167,147.3167,12.07,66,2,2.73,AU,1722667370
152,bull savanna,17.8868,-77.5902,24.52,87,80,4.12,JM,1722667371
153,wanning,18.8003,110.3967,31.52,69,11,5.71,CN,1722667373
154,mitsamiouli,-11.3847,43.2844,25.68,60,0,4.12,KM,1722667374
155,sturgis,41.7992,-85.4192,20.89,98,100,0.51,US,1722667375
156,as sulayyil,20.4607,45.5779,36.14,12,78,6.33,SA,1722667377
157,ilhabela,-23.7781,-45.3581,19.15,90,7,2.28,BR,1722667378
158,khorixas,-20.3667,14.9667,21.72,17,0,2.12,NA,1722667380
159,coronel oviedo,-25.4167,-56.45,25.46,33,0,5.29,PY,1722667381
160,bamnet narong,15.4992,101.6897,25.68,88,100,3.93,TH,1722667382
161,cabo san lucas,22.8909,-109.9124,31.45,78,32,3.97,MX,1722667384
162,portland,45.5234,-122.6762,23.38,73,0,1.79,US,1722666818
163,ust-nera,64.5667,143.2,13.13,51,100,1.86,RU,1722667387
164,antofagasta,-23.65,-70.4,12.6,76,0,2.22,CL,1722667209
165,alice springs,-23.7,133.8833,23.75,20,40,5.66,AU,1722667389
166,torghay,49.6339,63.4981,31.14,20,6,5.86,KZ,1722667391
167,port augusta,-32.5,137.7667,15.58,59,100,3.93,AU,1722667392
168,aykhal,66.0,111.5,21.15,37,100,5.05,RU,1722667394
169,uturoa,-16.7333,-151.4333,24.49,64,89,5.84,PF,1722667395
170,qaqortoq,60.7167,-46.0333,6.93,74,0,1.33,GL,1722667398
171,talnakh,69.4865,88.3972,22.44,40,2,3.29,RU,1722667399
172,kenora,49.8167,-94.4337,22.54,53,20,2.57,CA,1722667401
173,waingapu,-9.6567,120.2641,28.26,59,63,4.31,ID,1722667402
174,susanville,40.4163,-120.653,21.56,54,100,2.37,US,1722667403
175,karratha,-20.7377,116.8463,24.82,59,58,3.64,AU,1722667405
176,siguiri,11.6667,-9.5,22.35,97,100,1.61,GN,1722667406
177,jayapura,-2.5333,140.7,31.66,83,60,4.07,ID,1722667408
178,ozar,20.1,73.9333,22.78,97,100,7.61,IN,1722667409
179,binefar,41.8488,0.2968,19.43,64,0,1.68,ES,1722667410
180,thompson,55.7435,-97.8558,11.09,87,40,2.57,CA,1722667333
181,sisimiut,66.9395,-53.6735,7.14,79,5,0.63,GL,1722667413
182,adrar,20.5022,-10.0711,31.8,36,3,4.67,MR,1722667415
183,mao,39.8885,4.2658,26.31,69,0,11.83,ES,1722667416
184,vila franca do campo,37.7167,-25.4333,22.23,99,10,1.6,PT,1722667417
185,la ronge,55.1001,-105.2842,11.14,76,20,0.0,CA,1722667419
186,papao,-17.75,-149.55,21.82,70,20,6.04,PF,1722667420
187,shizuishan,39.2333,106.7694,31.87,29,6,4.08,CN,1722667421
188,yerofey pavlovich,53.9667,121.9667,25.45,27,99,3.16,RU,1722667423
189,rosarito,32.3333,-117.0333,21.94,78,0,3.07,MX,1722667424
190,sur,22.5667,59.5289,36.52,46,81,1.66,OM,1722667426
191,juneau,58.3019,-134.4197,13.0,89,20,0.0,US,1722667427
192,tofol,5.3248,163.0078,28.99,70,62,3.24,FM,1722667428
193,er regueb,34.8593,9.7865,31.92,30,74,4.03,TN,1722667430
194,stanley,54.868,-1.6985,13.73,82,0,5.66,GB,1722667431
195,semnan,35.5729,53.3971,34.9,19,5,5.43,IR,1722667433
196,guerrero negro,27.9769,-114.0611,20.49,83,5,4.38,MX,1722667434
197,greenfields,-33.0333,27.8622,11.08,87,0,3.09,ZA,1722667435
198,viedma,-40.8135,-62.9967,12.94,38,98,7.91,AR,1722667437
199,sao gabriel da cachoeira,-0.1303,-67.0892,22.21,99,98,0.97,BR,1722667438
200,berdigestyakh,62.0989,126.6992,22.6,26,7,0.7,RU,1722667440
201,las margaritas,16.3167,-91.9833,15.55,98,100,1.99,MX,1722667441
202,sitka,57.0531,-135.33,15.94,72,40,6.69,US,1722667442
203,giado,31.9582,12.0203,30.68,29,0,4.98,LY,1722667445
204,vernon,50.2581,-119.2691,26.27,46,14,2.57,CA,1722667447
205,saint-mandrier-sur-mer,43.078,5.929,27.92,66,0,2.24,FR,1722667448
206,fonte boa,-2.4959,-66.2662,22.33,98,100,1.11,BR,1722667449
207,georgetown,5.4112,100.3354,32.96,55,20,5.14,MY,1722667184
208,klaksvik,62.2266,-6.589,11.51,93,100,5.54,FO,1722667452
209,atafu village,-8.5421,-172.5159,28.81,75,56,6.92,TK,1722667454
210,sinnar,13.5691,33.5672,25.11,68,100,3.84,SD,1722667455
211,tsiombe,-25.3,45.4833,22.82,52,0,0.83,MG,1722667458
212,pacific grove,36.6177,-121.9166,18.9,95,20,1.54,US,1722667459
213,pont-sainte-marie,48.3185,4.0945,18.03,82,0,4.63,FR,1722667461
214,nogliki,51.8333,143.1667,15.76,58,100,2.95,RU,1722667462
215,sola,-13.8833,167.55,26.37,89,75,2.06,VU,1722667463
216,uirauna,-6.5183,-38.4122,18.85,82,20,2.7,BR,1722667465
217,mahibadhoo,3.7833,72.9667,28.31,72,100,0.97,MV,1722667466
218,chernyshevsk,52.5243,117.0174,21.48,49,100,4.05,RU,1722667468
219,preston,53.7667,-2.7167,16.21,76,100,3.69,GB,1722667469
220,rodos,36.4408,28.2225,27.1,67,0,6.69,GR,1722667470
221,ambovombe,-25.1667,46.0833,21.79,54,0,1.47,MG,1722667472
222,uzgen,40.7699,73.3007,31.16,13,3,4.97,KG,1722667473
223,okondja,-0.6549,13.6753,26.24,54,5,2.44,GA,1722667475
224,griffith,41.5284,-87.4237,22.57,93,0,1.54,US,1722667204
225,mejit,10.2753,170.8646,28.4,76,9,2.27,MH,1722667477
226,tolanaro,-25.0319,46.9987,19.04,88,20,2.06,MG,1722667479
227,kavieng,-2.5744,150.7967,29.09,73,100,3.86,PG,1722667480
228,huarmey,-10.0681,-78.1522,16.36,89,22,4.04,PE,1722667483
229,tindouf,27.6711,-8.1474,29.25,15,0,5.14,DZ,1722667484
230,manggar,-2.8833,108.2667,29.48,70,71,5.61,ID,1722667486
231,gobabis,-22.45,18.9667,20.92,19,1,5.5,NA,1722667487
232,vadso,70.0744,29.7487,13.49,88,100,5.14,NO,1722667489
233,mugia,43.1041,-9.2179,18.02,83,3,2.92,ES,1722667490
234,nemuro,43.3236,145.575,18.31,85,100,5.29,JP,1722667491
235,wotho,10.1657,166.0102,28.95,74,12,3.05,MH,1722667494
236,tyuratam,45.6507,63.3156,33.15,16,0,4.93,KZ,1722667496
237,fale old settlement,-9.3852,-171.2468,27.95,77,100,6.85,TK,1722667497
238,margaret river,-33.95,115.0667,13.76,72,100,3.93,AU,1722667499
239,kapuskasing,49.4169,-82.4331,16.0,94,20,1.54,CA,1722667333
240,murzuq,25.9155,13.9184,30.68,22,0,1.98,LY,1722667501
241,xingcheng,40.6167,120.7167,28.73,77,94,3.53,CN,1722667503
242,tazovsky,67.4667,78.7,18.43,74,25,4.06,RU,1722667504
243,bredasdorp,-34.5322,20.0403,8.72,80,0,1.03,ZA,1722667506
244,bayombong,16.4833,121.1333,29.58,79,38,0.48,PH,1722667507
245,cockburn town,21.4612,-71.1419,28.19,83,99,9.06,TC,1722667508
246,nizhnesortymskiy,62.4397,71.7603,23.81,63,100,6.29,RU,1722667510
247,howard springs,-12.497,131.047,32.21,49,99,3.91,AU,1722667511
248,dhulikhel,27.6189,85.5529,25.75,86,100,1.53,NP,1722667513
249,chimore,-16.9833,-65.1333,24.18,65,97,0.48,BO,1722667514
250,vielha,42.6846,0.7726,9.1,90,73,2.2,ES,1722667516
251,nova sintra,14.8667,-24.7167,25.13,80,100,6.29,CV,1722667518
252,invercargill,-46.4,168.35,4.45,88,0,0.81,NZ,1722667519
253,yarovoye,52.9273,78.58,25.87,58,100,4.97,RU,1722667520
254,ugoofaaru,5.6667,73.0,27.57,76,100,1.62,MV,1722667522
255,agadez,19.75,10.25,31.98,36,71,2.55,NE,1722667523
256,saint-philippe,-21.3585,55.7679,22.28,76,95,3.35,RE,1722667525
257,lensk,60.7253,114.9278,24.29,27,3,3.1,RU,1722667527
258,nephi,39.7102,-111.8363,25.86,20,96,1.89,US,1722667441
259,reggane,26.7158,0.1714,34.78,11,0,6.49,DZ,1722667530
260,fort st. john,56.2499,-120.8529,14.94,58,75,3.6,CA,1722667532
261,arvayheer,46.2639,102.775,18.85,39,5,7.16,MN,1722667533
262,timimoun,29.2639,0.231,27.21,17,0,2.57,DZ,1722667535
263,djibouti,11.5,42.5,26.26,64,100,3.9,DJ,1722667362
264,salamanca,40.8333,-6.0,16.66,61,0,3.42,ES,1722667537
265,baardheere,2.3446,42.2764,27.8,53,100,9.65,SO,1722667539
266,tchintabaraden,15.8969,5.7985,27.08,68,73,5.97,NE,1722667540
267,egersund,58.4513,5.9997,16.72,80,100,2.57,NO,1722667542
268,hsinchu,24.8036,120.9686,34.99,63,0,2.24,TW,1722667543
269,muynoq,43.7683,59.0214,34.37,19,0,2.5,UZ,1722667544
270,el calafate,-50.3408,-72.2768,1.65,98,100,1.92,AR,1722667546
271,kimbe,-5.5502,150.1429,26.69,83,100,4.25,PG,1722667547
272,piti village,13.4626,144.6933,30.03,79,40,6.17,GU,1722667549
273,beloomut,54.9448,39.3394,20.19,68,39,3.09,RU,1722667550
274,bangarmau,26.9,80.2167,31.12,64,99,5.84,IN,1722667551
275,geraldton,-28.7667,114.6,19.23,59,0,4.12,AU,1722667553
276,gadzhiyevo,69.2551,33.3362,12.38,77,44,5.49,RU,1722667556
277,labrador city,52.9463,-66.9114,17.88,77,20,4.92,CA,1722667557
278,byron bay,-28.65,153.6167,15.95,71,0,4.38,AU,1722667558
279,cabedelo,-6.9811,-34.8339,21.37,83,78,5.69,BR,1722667387
280,martapura,-3.4167,114.85,33.05,58,40,1.54,ID,1722667563
281,talcahuano,-36.7167,-73.1167,10.82,93,75,3.09,CL,1722667564
282,iskateley,67.6803,53.1512,21.35,49,0,8.42,RU,1722667566
283,kingston,17.997,-76.7936,28.53,79,20,6.69,JM,1722667184
284,ataq,14.5377,46.8319,28.92,45,55,7.81,YE,1722667568
285,caraballeda,10.6112,-66.8522,27.43,80,100,1.54,VE,1722667570
286,kristinestad,62.2743,21.376,16.72,94,100,2.14,FI,1722667571
287,queenstown,-31.8976,26.8753,12.42,35,0,2.99,ZA,1722667573
288,arkhangel'sk,64.5401,40.5433,16.06,100,100,4.0,RU,1722667574
289,wisch,51.9265,6.4171,20.23,89,100,0.45,NL,1722667576
290,scarborough,54.2797,-0.4044,18.76,81,98,0.89,GB,1722667577
291,coxim,-18.5067,-54.76,22.82,36,0,2.08,BR,1722667578
292,altdorf,49.3875,11.3572,17.18,91,1,1.67,DE,1722667580
293,conduaga,8.862,117.4893,29.26,67,100,2.34,PH,1722667581
294,ambon,-3.6954,128.1814,28.82,95,75,2.06,ID,1722667583
295,aileu,-8.7281,125.5664,26.09,48,43,1.7,TL,1722667584
296,argo,37.6333,22.7333,28.21,28,0,0.96,GR,1722667585
297,balfour,-26.6633,28.5902,14.28,44,0,1.63,ZA,1722667587
298,booue,-0.0921,11.9385,24.14,73,22,2.33,GA,1722667588
299,mahina,-17.5065,-149.489,21.87,73,20,1.54,PF,1722667590
300,nar'yan-mar,67.6713,53.087,21.31,49,0,8.41,RU,1722667591
301,caleta de carquin,-11.0925,-77.6267,16.04,90,23,4.46,PE,1722667592
302,ciudad del carmen,18.6333,-91.8333,27.3,82,97,3.57,MX,1722667594
303,lerwick,60.1545,-1.1494,12.0,83,98,3.77,GB,1722667595
304,ola,59.5833,151.2833,15.4,48,7,4.32,RU,1722667597
305,chamical,-30.36,-66.314,15.74,63,2,3.14,AR,1722667600
306,es castell,39.8795,4.2854,26.38,69,0,11.83,ES,1722667601
307,basco,20.4487,121.9702,29.96,79,29,6.57,PH,1722667602
308,belyy yar,53.6039,91.3903,28.94,45,0,4.0,RU,1722667604
309,posto fiscal rolim de moura,-13.0833,-62.2667,21.41,51,0,0.66,BR,1722667605
310,vorgashor,67.5833,63.95,22.54,46,61,8.43,RU,1722667607
311,sao jose da coroa grande,-8.8978,-35.1478,23.4,80,17,4.92,BR,1722667608
312,santa maria,-29.6842,-53.8069,21.4,51,0,8.08,BR,1722667473
313,saipan,15.1355,145.701,31.39,70,20,5.66,MP,1722667581
314,labytnangi,66.6572,66.4183,21.84,61,81,9.93,RU,1722667616
315,radziejow,52.6248,18.5277,20.46,58,99,2.55,PL,1722667618
316,qaisumah,28.3112,46.1273,36.98,9,0,3.09,SA,1722667619
317,bubaque,11.2833,-15.8333,26.36,82,84,3.78,GW,1722667621
318,ulladulla,-35.35,150.4667,13.76,68,7,2.28,AU,1722667622
319,krasnoarmeyskoye,52.7182,50.0322,23.09,51,86,6.59,RU,1722667623
320,kaya,13.0917,-1.0844,25.52,78,100,3.05,BF,1722667625
321,sao joao da barra,-21.6403,-41.0511,21.98,82,34,5.39,BR,1722667626
322,luanda,-8.8368,13.2343,19.0,88,100,2.06,AO,1722667628
323,pangai,-19.8,-174.35,24.06,78,20,5.14,TO,1722667629
324,nueva palestina,15.8,-92.75,20.15,98,100,0.71,MX,1722667630
325,vyritsa,59.4078,30.3481,17.73,81,100,0.36,RU,1722667632
326,kuala tungkal,-0.8167,103.4667,32.4,55,59,4.18,ID,1722667633
327,suda,59.1525,37.5582,22.06,63,48,0.98,RU,1722667635
328,narasannapeta,18.4167,84.05,30.74,64,100,2.11,IN,1722667636
329,akrehamn,59.2667,5.1833,17.22,82,40,5.66,NO,1722667638
330,plettenberg bay,-34.0527,23.3716,14.14,45,0,1.77,ZA,1722667639
331,los altos,37.3852,-122.1141,21.38,77,0,3.6,US,1722667640
332,horta,38.5333,-28.6333,20.8,83,20,2.57,PT,1722667642
333,tabou,4.423,-7.3528,24.2,82,100,4.46,CI,1722667643
334,alofi,-19.0595,-169.9187,22.94,73,100,3.6,NU,1722667645
335,vorkuta,67.5,64.0,22.68,47,43,8.51,RU,1722667646
336,san juan de miraflores,-12.1629,-76.9635,16.04,88,67,3.09,PE,1722667647
337,akureyri,65.6835,-18.0878,9.96,76,75,1.03,IS,1722667649
338,nova vicosa,-17.8919,-39.3719,20.95,90,73,1.58,BR,1722667384
339,woodward,36.4337,-99.3904,21.65,66,0,2.06,US,1722667652
340,novodvinsk,64.4165,40.8122,15.86,67,99,2.87,RU,1722667653
341,maizuru,35.45,135.3333,34.02,69,46,2.69,JP,1722667654
342,hargeysa,9.56,44.065,24.5,49,97,13.35,SO,1722667622
343,semirom,31.4167,51.5667,28.64,16,1,3.3,IR,1722667657
344,tonkino,57.3726,46.4629,21.14,63,43,3.74,RU,1722667659
345,kailua-kona,19.6406,-155.9956,26.98,95,0,2.06,US,1722667660
346,dryden,49.7833,-92.7503,17.16,72,20,2.57,CA,1722667661
347,rawson,-43.3002,-65.1023,10.98,47,2,9.14,AR,1722667664
348,la sarre,48.8002,-79.1996,17.59,80,20,1.67,CA,1722667666
349,swakopmund,-22.6833,14.5333,10.55,90,80,0.45,NA,1722667667
350,hirara,24.8,125.2833,31.92,74,40,3.09,JP,1722667668
351,kapoeta,4.7717,33.5903,29.35,42,100,5.12,SS,1722667670
352,lintong,34.378,109.2089,33.38,38,84,1.72,CN,1722667671
353,dakhla,23.6848,-15.958,20.01,94,40,11.32,EH,1722667673
354,remire-montjoly,4.9167,-52.2667,23.02,100,20,0.0,GF,1722667674
355,vilyuysk,63.7553,121.6247,22.33,30,26,1.47,RU,1722667676
356,arinos,-15.9169,-46.1056,16.25,77,0,0.58,BR,1722667678
357,iowa park,33.9515,-98.6687,28.86,58,0,2.06,US,1722667681
358,cartagena,10.3997,-75.5144,27.79,89,20,1.54,CO,1722667087
359,mount pearl,47.5166,-52.7813,12.2,95,100,4.63,CA,1722667657
360,mayya,61.7333,130.2811,21.62,28,13,0.43,RU,1722667685
361,flin flon,54.7682,-101.865,11.57,72,61,1.95,CA,1722667686
362,punta umbria,37.1821,-6.9661,19.62,59,0,3.98,ES,1722667688
363,vila velha,-20.3297,-40.2925,21.97,98,100,4.63,BR,1722667689
364,baikunthpur,23.25,82.55,23.7,96,100,7.66,IN,1722667691
365,nuuk,64.1835,-51.7216,2.34,100,100,2.06,GL,1722667692
366,bukittinggi,-0.3091,100.3706,24.21,86,59,1.05,ID,1722667694
367,kirensk,57.7853,108.1119,25.52,35,10,2.7,RU,1722667695
368,aripuana,-9.1667,-60.6333,22.44,53,100,0.85,BR,1722667696
369,cole harbour,44.6724,-63.4751,20.66,94,100,1.03,CA,1722667698
370,sao vicente,-23.9631,-46.3919,22.1,74,0,1.12,BR,1722667699
371,tamazulapam villa del progreso,17.6806,-97.5689,14.29,91,85,2.74,MX,1722667701
372,escarcega,18.6089,-90.7454,23.28,98,82,0.81,MX,1722667572
373,zav'yalovo,56.7847,53.3776,19.11,82,60,2.77,RU,1722667703
374,mahalapye,-23.1041,26.8142,20.7,25,0,5.97,BW,1722667705
375,halesworth,52.3464,1.5029,19.95,86,100,3.58,GB,1722667706
376,saint-joseph,-21.3667,55.6167,23.59,70,75,3.56,RE,1722667708
377,palikir - national government center,6.9248,158.1611,30.47,79,75,2.06,FM,1722667709
378,sibu,2.3,111.8167,33.17,58,20,1.54,MY,1722667710
379,egilsstadir,65.2653,-14.3948,8.95,87,75,2.57,IS,1722667712
380,howrah,22.5892,88.3103,28.0,89,100,4.63,IN,1722667713
381,kristiansund,63.1115,7.732,18.96,81,0,1.54,NO,1722667715
382,moyale,3.5167,39.0584,21.05,61,100,7.02,KE,1722667716
383,tamandare,-8.7597,-35.1047,23.26,80,9,4.3,BR,1722667718
384,mandalgovi,45.7625,106.2708,20.23,48,96,7.3,MN,1722667719
385,saveh,35.0213,50.3566,34.21,22,0,5.86,IR,1722667720
386,rio grande,-32.035,-52.0986,16.64,84,3,6.57,BR,1722667722
387,kavaratti,10.5669,72.642,27.9,81,100,6.28,IN,1722667723
388,san luis de la loma,17.2706,-100.8939,24.18,89,100,3.14,MX,1722667725
389,sangmelima,2.9333,11.9833,20.82,93,99,1.81,CM,1722667726
390,la'ie,21.6477,-157.9253,26.98,80,100,5.02,US,1722667728
391,jianshui,23.6363,102.8264,26.07,75,49,2.46,CN,1722667730
392,katsuren-haebaru,26.3369,127.8719,33.21,63,20,4.63,JP,1722667732
393,prieska,-29.6641,22.7474,12.16,23,4,2.57,ZA,1722667733
394,tallinn,59.437,24.7535,17.98,70,75,3.6,EE,1722667735
395,sarikei,2.1167,111.5167,35.31,42,60,1.38,MY,1722667736
396,orimattila,60.8049,25.7296,18.5,91,100,2.29,FI,1722667738
397,mili,6.0815,171.735,28.65,73,0,3.54,MH,1722667739
398,hillsboro,45.5229,-122.9898,22.78,71,0,3.09,US,1722667740
399,gornozavodsk,58.3758,58.3211,18.5,81,96,2.2,RU,1722667742
400,san martin,-33.081,-68.4681,12.3,51,2,4.98,AR,1722667743
401,hobyo,5.3505,48.5268,27.77,67,97,12.12,SO,1722667745
402,conde,-7.2597,-34.9075,20.7,100,20,2.06,BR,1722667746
403,smirnykh,49.75,142.8333,18.13,71,100,1.79,RU,1722667748
404,kapa'a,22.0752,-159.319,26.18,82,75,3.09,US,1722667749
405,santa isabel,-23.3156,-46.2214,15.61,81,0,0.86,BR,1722667750
406,porto novo,6.4965,2.6036,23.9,85,100,3.02,BJ,1722667753
407,isola delle femmine,38.1935,13.2488,31.97,51,0,5.14,IT,1722667755
408,visakhapatnam,17.69,83.2093,32.94,58,75,5.14,IN,1722667756
409,laguna,38.421,-121.4238,29.68,38,0,3.09,US,1722667758
410,buxar,25.5833,83.9833,28.92,76,100,10.77,IN,1722667759
411,chulakkurgan,43.765,69.1814,31.23,19,2,5.54,KZ,1722667760
412,chonchi,-42.6128,-73.8092,6.56,93,98,2.96,CL,1722667694
413,villa la angostura,-40.7617,-71.6463,2.46,99,99,3.3,AR,1722667520
414,isla vista,34.4133,-119.861,24.14,61,0,0.66,US,1722667765
415,al kharijah,25.4514,30.5464,37.19,18,5,5.92,EG,1722667766
416,uyuni,-20.4597,-66.825,0.85,26,0,6.06,BO,1722667767
417,puerto leguizamo,-0.1934,-74.7819,21.94,85,50,0.48,CO,1722667769
418,ra-ngae,6.2968,101.7284,32.93,69,100,1.75,TH,1722667770
419,puerto lempira,15.2667,-83.7667,25.4,87,37,1.49,HN,1722667772
420,mount gambier,-37.8333,140.7667,11.1,65,0,1.98,AU,1722667773
421,hell-ville,-13.4,48.2667,26.93,55,20,1.03,MG,1722667775
422,tremp,42.167,0.8949,20.28,62,3,0.36,ES,1722667776
423,olovyannaya,50.95,115.5667,26.03,58,64,5.62,RU,1722667777
424,bamboo flat,11.7,92.7167,28.05,89,75,2.57,IN,1722667779
425,alo,6.5486,4.2686,24.63,89,100,3.58,NG,1722667780
426,masaya sur,16.497,121.7456,31.88,62,58,0.69,PH,1722667782
427,saskatoon,52.1168,-106.6345,13.99,71,20,3.6,CA,1722667731
428,san patricio,28.017,-97.5169,28.94,82,6,2.43,US,1722667784
429,nadi,-17.8,177.4167,26.0,78,40,4.63,FJ,1722667572
430,vuktyl,63.8567,57.3094,16.74,90,100,2.67,RU,1722667787
431,pacasmayo,-7.4006,-79.5714,16.41,91,44,3.54,PE,1722667789
432,mount isa,-20.7333,139.5,26.87,28,0,4.63,AU,1722667790
433,karatuzskoye,53.6072,92.8667,27.42,52,89,1.85,RU,1722667791
434,nizhniy kuranakh,58.8353,125.4869,19.41,59,92,1.08,RU,1722667793
435,norilsk,69.3535,88.2027,22.08,42,20,3.15,RU,1722667794
436,alotau,-10.3069,150.4462,22.82,86,100,2.55,PG,1722667796
437,khandyga,62.6667,135.6,17.14,58,100,0.82,RU,1722667797
438,salinopolis,-0.6136,-47.3561,25.65,84,15,3.72,BR,1722667798
439,sakon nakhon,17.3333,103.8333,25.95,93,100,2.24,TH,1722667800
440,kissidougou,9.1848,-10.0999,21.17,97,99,2.18,GN,1722667801
441,envira,-7.3,-70.2167,22.82,76,94,1.07,BR,1722667803
442,winkler,49.1817,-97.941,17.12,94,40,0.51,CA,1722667577
443,puerto armuelles,8.2833,-82.8667,27.27,76,100,0.45,PA,1722667805
444,manokwari,-0.8667,134.0833,28.47,69,100,2.58,ID,1722667621
445,kindu,-2.95,25.95,30.14,31,15,1.3,CD,1722667808
446,kamina,-8.7386,24.9906,25.34,22,40,3.81,CD,1722667810
447,constitucion,-35.3333,-72.4167,9.71,91,100,2.25,CL,1722667811
448,aketi,2.7388,23.7833,26.49,74,79,0.43,CD,1722667813
449,kiunga,-6.1219,141.2906,26.65,81,45,2.93,PG,1722667814
450,barcelos,41.5388,-8.6151,18.84,71,0,0.83,PT,1722667815
451,rabaul,-4.1967,152.1721,27.75,77,100,4.55,PG,1722667817
452,lawton,34.6087,-98.3903,24.95,67,0,3.09,US,1722667710
453,la asuncion,11.0333,-63.8628,31.85,74,99,2.06,VE,1722667758
454,sofifi,0.7349,127.576,27.96,80,60,3.65,ID,1722667821
455,newport,51.5877,-2.9984,17.29,93,100,3.35,GB,1722667654
456,mirnyy,62.5353,113.9611,21.7,30,19,1.65,RU,1722667824
457,cambria,35.5641,-121.0808,26.24,79,61,0.98,US,1722667825
458,mocimboa,-11.3167,40.35,26.26,60,4,4.44,MZ,1722667827
459,shibetsu,43.659,145.132,25.39,83,75,4.12,JP,1722667828
460,goundam,16.4145,-3.6708,24.74,80,100,6.82,ML,1722667829
461,kudahuvadhoo,2.6708,72.8944,28.36,76,100,2.43,MV,1722667832
462,vrangel',42.7297,133.0839,20.08,86,96,6.06,RU,1722667834
463,dunedin,-45.8742,170.5036,4.33,81,7,1.12,NZ,1722667835
464,ilha de mocambique,-15.0342,40.7358,24.11,69,1,6.14,MZ,1722667836
465,smithers,54.7804,-127.1743,19.18,42,0,1.54,CA,1722667838
466,lincheng,19.9078,109.6858,33.77,53,87,1.54,CN,1722667839
467,jiazi,22.8779,116.067,30.75,75,9,7.76,CN,1722667841
468,suoyarvi,62.0833,32.35,18.84,68,68,2.16,RU,1722667842
469,tromso,69.6496,18.957,11.01,93,100,1.54,NO,1722667843
470,carnot,4.9409,15.8665,23.62,86,82,0.79,CF,1722667845
471,zag,46.9441,99.165,22.01,28,100,0.13,MN,1722667846
472,nova xavantina,-14.6667,-52.35,19.4,49,0,1.36,BR,1722667848
473,severo-yeniseyskiy,60.3725,93.0408,18.54,62,79,2.74,RU,1722667849
474,ankazobe,-18.3167,47.1167,19.16,46,2,2.61,MG,1722667851
475,ndjole,-0.1783,10.7649,23.26,79,96,1.56,GA,1722667852
476,kaa-khem,51.6833,94.7333,32.74,20,6,3.35,RU,1722667853
477,westport,41.1415,-73.3579,25.18,85,45,0.45,US,1722667855
478,chincha alta,-13.4099,-76.1323,12.33,85,8,1.88,PE,1722667856
479,pangody,65.85,74.4859,25.11,50,96,7.09,RU,1722667858
480,sabang,5.8933,95.3214,28.6,76,100,6.39,ID,1722667859
481,yuanping,38.7153,112.7575,29.09,62,100,1.29,CN,1722667860
482,bandundu,-3.3167,17.3667,29.1,37,5,2.77,CD,1722667862
483,sault ste. marie,46.5168,-84.3333,19.16,93,0,2.06,CA,1722667865
484,pyhajarvi,67.0701,27.2176,16.73,65,13,3.52,FI,1722667866
485,vize,41.5725,27.7658,25.02,30,0,1.35,TR,1722667868
486,trinity beach,-16.7888,145.6968,23.79,74,100,7.47,AU,1722667869
487,wakkanai,45.4094,141.6739,15.99,94,75,7.72,JP,1722667870
488,tashtagol,52.7657,87.8894,30.19,43,94,0.91,RU,1722667873
489,weno,7.4515,151.8468,27.97,83,100,4.63,FM,1722667875
490,okhotsk,59.3833,143.3,15.68,67,55,6.53,RU,1722667876
491,gbarnga,6.9956,-9.4722,21.5,99,100,1.49,LR,1722667878
492,fortuna,40.5982,-124.1573,16.86,96,100,3.09,US,1722667879
493,sao joao de pirabas,-0.7747,-47.1772,24.38,89,7,2.06,BR,1722667656
494,ghat,24.9647,10.1728,30.19,14,0,1.0,LY,1722667883
495,margate,51.3813,1.3862,18.83,82,100,0.45,GB,1722667885
496,mantua,45.1667,10.7833,27.42,81,5,2.48,IT,1722667886
497,malvan,16.0667,73.4667,27.7,83,99,8.57,IN,1722667888
498,thoothukudi,8.8054,78.1453,36.16,44,20,3.09,IN,1722667889
499,qamdo,31.1667,97.2333,16.88,48,86,2.92,CN,1722667890
500,prostejov,49.4719,17.1118,18.96,66,33,3.94,CZ,1722667892
501,yinchuan,38.4681,106.2731,31.61,31,3,2.81,CN,1722667544
502,seminole,28.7086,-81.2081,25.77,89,0,2.06,US,1722667895
503,touros,-5.1989,-35.4608,21.28,93,61,5.14,BR,1722667896
504,turaif,31.6725,38.6637,27.14,32,0,6.17,SA,1722667897
505,ponnamaravati,10.3,78.55,32.56,49,100,2.88,IN,1722667899
506,deori khas,23.4,79.0167,24.79,94,100,6.61,IN,1722667900
507,taoudenni,22.6783,-3.9836,35.01,34,3,5.9,ML,1722667902
508,kurtamysh,54.9103,64.4319,23.97,50,16,4.59,RU,1722667903
509,n'djamena,12.1067,15.0444,25.98,94,20,2.06,TD,1722667904
510,dera bugti,29.0307,69.151,36.34,41,63,4.52,PK,1722667906
511,galle,6.0367,80.217,29.96,77,85,1.34,LK,1722667907
512,saudarkrokur,65.7461,-19.6394,11.37,75,100,1.94,IS,1722667909
513,al jawf,29.5,38.75,31.23,19,0,4.66,SA,1722667912
514,konarka,19.9,86.1167,32.31,64,100,5.91,IN,1722667913
515,piacabucu,-10.4056,-36.4344,22.98,70,87,4.74,BR,1722667914
516,choyr,46.3611,108.3611,20.07,59,96,7.61,MN,1722667916
517,onega,63.9061,38.1404,18.78,71,100,2.35,RU,1722667917
518,alaghsas,17.0187,8.0168,23.94,88,0,3.09,NE,1722667919
519,preobrazheniye,42.9019,133.9064,19.48,90,98,4.09,RU,1722667920
520,changli,39.7042,119.1506,29.61,82,99,3.67,CN,1722667922
521,fada,7.25,4.0667,22.51,96,91,1.29,NG,1722667923
522,livingston,55.9029,-3.5226,12.89,90,0,3.09,GB,1722667924
523,huanta,-12.9333,-74.25,12.27,83,0,0.26,PE,1722667926
524,santo amaro das brotas,-10.7889,-37.0544,24.7,86,68,4.15,BR,1722667927
525,fort-shevchenko,44.5086,50.263,28.44,47,8,4.17,KZ,1722667929
526,chicoana,-25.1009,-65.5331,26.03,13,2,2.0,AR,1722667930
527,seneca,41.1167,-83.1166,23.04,98,94,0.74,US,1722667931
528,laojunmiao,39.8333,97.7333,28.03,13,0,5.5,CN,1722667933
529,sandnessjoen,66.0217,12.6316,14.29,77,100,4.18,NO,1722667934
530,kelso,46.1468,-122.9084,19.28,89,100,3.6,US,1722667936
531,barra de santo antonio,-9.4047,-35.5072,22.6,82,100,7.21,BR,1722667937
532,mbaiki,3.8678,17.9892,24.36,82,100,0.33,CF,1722667938
533,saint-francois,46.4154,3.9054,19.26,83,0,3.09,FR,1722667940
534,bocanda,7.0626,-4.4995,21.35,97,100,2.09,CI,1722667941
535,liwale,-9.7667,37.9333,25.12,43,0,2.95,TZ,1722667943
536,koton-karfe,8.1,6.8,23.84,92,100,1.86,NG,1722667944
537,naze,28.3667,129.4833,31.51,70,10,4.34,JP,1722667946
538,jinghong,21.991,100.7341,26.94,91,77,0.72,CN,1722667947
539,freeport,40.6576,-73.5832,25.59,89,0,2.06,US,1722667681
540,xichang,27.8964,102.2634,29.01,60,100,0.89,CN,1722667950
541,jieyang,23.5289,116.3642,35.96,54,1,1.7,CN,1722667951
542,ayr,55.4627,-4.6339,12.95,93,40,3.6,GB,1722667953
543,port douglas,-16.4833,145.4667,21.33,77,83,7.92,AU,1722667954
544,bhachau,23.2833,70.35,30.82,69,100,8.61,IN,1722667956
545,mahajanga,-15.7167,46.3167,26.01,53,0,3.09,MG,1722667957
546,lethem,3.3803,-59.7968,23.57,87,82,1.5,GY,1722667959
547,khabary,53.6259,79.5345,27.01,55,100,1.94,RU,1722667960
548,qarqaraly,49.4058,75.4742,26.24,38,2,6.96,KZ,1722667961
549,xinxiang,35.3089,113.8672,33.09,69,100,2.99,CN,1722667963
550,nova olimpia,-14.7972,-57.2881,22.32,44,0,2.26,BR,1722667964
551,tralee,52.2704,-9.7026,13.61,80,100,3.07,IE,1722667966
552,paragominas,-2.9667,-47.4833,19.62,85,6,1.48,BR,1722667873
553,punta del este,-34.9667,-54.95,23.06,75,0,5.14,UY,1722667968
554,sitangkai,4.6628,119.3928,29.04,69,75,3.67,PH,1722667970
555,i-n-salah,27.1935,2.4607,33.85,13,0,5.45,DZ,1722667971
556,crucecita,-28.95,-58.9833,27.2,31,0,5.79,AR,1722667973
557,bilaspur,22.0833,82.15,24.16,94,100,9.02,IN,1722667974
558,coahuayana de hidalgo,18.7,-103.6583,25.2,93,99,1.53,MX,1722667975
559,imbituba,-28.24,-48.6703,14.84,96,22,5.36,BR,1722667873
560,la mira,18.035,-102.3266,24.35,92,100,1.62,MX,1722667978
